Model,Accuracy
AIS Random Forest,0.997716894977169
AIS Logistic Regression,0.9885844748858448
AIS SVM,0.9863013698630136
AIS Deep Learning,0.9840182662010193
