Model,Accuracy
CSA Random Forest,0.997716894977169
CSA Logistic Regression,0.9885844748858448
CSA SVM,0.9794520547945206
CSA Deep Learning,0.9771689772605896
