Model,Accuracy
Logistic Regression,0.9863013698630136
Random Forest,0.9840182648401826
SVM,0.9771689497716894
Deep Learning,0.9726027250289917
