Model,Accuracy
BA Random Forest,0.9954337899543378
BA Deep Learning,0.9840182662010193
BA Logistic Regression,0.9840182648401826
BA SVM,0.9703196347031964
