Model,Accuracy
KA Random Forest,0.997716894977169
KA Logistic Regression,0.9817351598173516
KA Deep Learning,0.9771689772605896
KA SVM,0.9771689497716894
