Model,Accuracy
MA Random Forest,0.9954337899543378
MA Logistic Regression,0.9885844748858448
MA SVM,0.9794520547945206
MA Deep Learning,0.9680365324020386
