Model,Accuracy
NA Random Forest,0.9931506849315068
NA Logistic Regression,0.9817351598173516
NA Deep Learning,0.9771689772605896
NA SVM,0.9748858447488584
