Model,Accuracy
QPSO Random Forest,0.9954337899543378
QPSO Logistic Regression,0.9908675799086758
QPSO Deep Learning,0.9863013625144958
QPSO SVM,0.9817351598173516
