Model,Accuracy
TA Random Forest,0.997716894977169
TA Logistic Regression,0.9885844748858448
TA SVM,0.9863013698630136
TA Deep Learning,0.9794520735740662
